a,b_001_h01,h01,ara01a,０１手コキ
a,b_002_h02,h02,ara08a,０２尻コキ
a,b_003_h3,h3,ara02a,０３晴れて恋人同士になって初めてのH
a,b_004_h04,h04,ara11a,０４ラブラブＨ　恋人つなぎで騎乗位
a,b_005_h05a,h05a,ara08brw,０５尻コキ（２回目）
a,b_005_h05c,h05c,ara03a,０５立ちバック
a,b_006_h06,h06,ara04a,０６フェラ
a,b_006_h07,h07,ara05a,０７スカートたくし上げ・窓に押し付けて後背位
a,b_007_h08,h08,ara10a,０８パイズリフェラ
a,b_007_h09,h09,ara09a,０９ラブラブ正常位H（マングリ返し）
a,b_008_h10,h10,ara12a,１０興奮してオナニー
a,b_009_h11,h11,ara15a,１１濡れ透け制服で樹を背に立位
a,b_010_h12,h12,ara16a,１２星空背景にバック
a,b_011_h13,h13,ara17a,１３ハロウィンコスで対面座位
a,c_003_h14,h14,ara18a,１４切ない感じのイチャラブ・ピロートーク
a,d_001_h15,h15,ara19a,１５大河の部屋でのお泊りエッチ（別れを意識したせつない感じ）
